output,flag,username,timestamp
/home/cll/dev/examples/super_res_gradio/gradio_cached_examples/15/output/tmpukqqcdeb.png,,,2022-09-26 19:13:28.156714
/home/cll/dev/examples/super_res_gradio/gradio_cached_examples/15/output/tmpsm_1wrx_.png,,,2022-09-26 19:13:35.050605
/home/cll/dev/examples/super_res_gradio/gradio_cached_examples/15/output/tmpcwx0fjl8.png,,,2022-09-26 19:13:42.055990
/home/cll/dev/examples/super_res_gradio/gradio_cached_examples/15/output/tmptkvh9tgz.png,,,2022-09-26 19:13:46.796684
/home/cll/dev/examples/super_res_gradio/gradio_cached_examples/15/output/tmp13b1gigl.png,,,2022-09-26 19:13:51.588752
/home/cll/dev/examples/super_res_gradio/gradio_cached_examples/15/output/tmpcyt0gspb.png,,,2022-09-26 19:13:56.008971
/home/cll/dev/examples/super_res_gradio/gradio_cached_examples/15/output/tmpepw07ath.png,,,2022-09-26 19:14:03.027632
/home/cll/dev/examples/super_res_gradio/gradio_cached_examples/15/output/tmpnsfutytb.png,,,2022-09-26 19:14:07.819665
/home/cll/dev/examples/super_res_gradio/gradio_cached_examples/15/output/tmpncwpz23n.png,,,2022-09-26 19:14:19.111927
/home/cll/dev/examples/super_res_gradio/gradio_cached_examples/15/output/tmpt31nabd3.png,,,2022-09-26 19:14:30.483549
/home/cll/dev/examples/super_res_gradio/gradio_cached_examples/15/output/tmpf3sn4ffq.png,,,2022-09-26 19:14:42.210074
/home/cll/dev/examples/super_res_gradio/gradio_cached_examples/15/output/tmpeu15xz14.png,,,2022-09-26 19:14:47.874291
/home/cll/dev/examples/super_res_gradio/gradio_cached_examples/15/output/tmpnmjfl11k.png,,,2022-09-26 19:14:54.127612
/home/cll/dev/examples/super_res_gradio/gradio_cached_examples/15/output/tmp95paqe_c.png,,,2022-09-26 19:14:59.227239
/home/cll/dev/examples/super_res_gradio/gradio_cached_examples/15/output/tmpi1ai4ybr.png,,,2022-09-26 19:15:10.706438
/home/cll/dev/examples/super_res_gradio/gradio_cached_examples/15/output/tmpijdvxm38.png,,,2022-09-26 19:15:16.923005
